"genes"	"modules"
"KRT5"	"M1"
"KRT6A"	"M1"
"COL1A1"	"M3"
"KRT19"	"M5"
"ADAM6"	"M4"
"KRT17"	"M1"
"COL3A1"	"M3"
"NDRG1"	"M1"
"FN1"	"M3"
"COL1A2"	"M3"
"GPNMB"	"M5"
"LOC96610"	"M4"
"SFN"	"M1"
"TFRC"	"M2"
"PKP1"	"M1"
"ANXA1"	"M1"
"IGFBP2"	"M5"
"SPP1"	"M2"
"IGFBP5"	"M3"
"DST"	"M1"
"TP63"	"M1"
"HLA-DRA"	"M4"
"KRT15"	"M5"
"TRIM29"	"M1"
"TACSTD2"	"M1"
"COL6A3"	"M3"
"CLDN1"	"M1"
"COL6A2"	"M3"
"LUM"	"M3"
"NEAT1"	"M4"
"PGD"	"M2"
"TM4SF1"	"M2"
"LAMB3"	"M1"
"LAMC2"	"M1"
"IGFBP3"	"M2"
"KRT6B"	"M1"
"ABCC5"	"M5"
"BGN"	"M3"
"AKR1C1"	"M2"
"GJA1"	"M3"
"TXNRD1"	"M2"
"ODC1"	"M2"
"TNC"	"M3"
"SLC7A5"	"M2"
"NAMPT"	"M2"
"COL6A1"	"M3"
"FXYD3"	"M1"
"CALML3"	"M1"
"SGK1"	"M5"
"S100A2"	"M1"
"SLC9A3R1"	"M2"
"DSC3"	"M1"
"ABCC1"	"M2"
"KRT16"	"M1"
"DCN"	"M3"
"AKR1C2"	"M2"
"AEBP1"	"M3"
"G6PD"	"M2"
"DSG3"	"M1"
"S100A9"	"M1"
"COL7A1"	"M1"
"MMP2"	"M3"
"DDIT4"	"M1"
"TNFSF10"	"M1"
"GCLC"	"M2"
"COL5A1"	"M3"
"APOL1"	"M1"
"CLDN4"	"M1"
"C3"	"M6"
"ALCAM"	"M5"
"ELF3"	"M1"
"POSTN"	"M3"
"COL5A2"	"M3"
"TGFBI"	"M3"
"BCAM"	"M3"
"SEPP1"	"M3"
"TMPRSS4"	"M1"
"TIMP3"	"M3"
"ITGA3"	"M1"
"SERPINB5"	"M1"
"CDH3"	"M1"
"SRXN1"	"M2"
"CCND1"	"M2"
"ALDH1A1"	"M5"
"MYH14"	"M2"
"CBR1"	"M2"
"NDUFA4L2"	"M1"
"NTRK2"	"M5"
"APOE"	"M4"
"EGR1"	"M3"
"AKR1C3"	"M2"
"CLCA2"	"M1"
"HLA-DPA1"	"M4"
"LYZ"	"M4"
"DSC2"	"M1"
"PLAU"	"M1"
"EPHX1"	"M2"
"SFTPB"	"M6"
"KRT6C"	"M1"
"CLU"	"M2"
"KRT14"	"M1"
"PPL"	"M1"
"DPYSL3"	"M3"
"GPX2"	"M2"
"SOX2"	"M5"
"SPARCL1"	"M2"
"KRT13"	"M1"
"NQO1"	"M2"
"VCAN"	"M3"
"CXCR7"	"M5"
"SERPINE1"	"M3"
"AHNAK2"	"M1"
"CSTA"	"M1"
"SULF1"	"M3"
"SLC7A8"	"M2"
"CD109"	"M1"
"HAS3"	"M1"
"LAMA3"	"M1"
"MMP11"	"M3"
"GJB2"	"M1"
"HLA-DRB1"	"M4"
"SLPI"	"M1"
"PHLDA1"	"M3"
"FOS"	"M1"
"COL17A1"	"M1"
"MXRA5"	"M3"
"THBS2"	"M3"
"TGM2"	"M6"
"S100A14"	"M1"
"FGFR3"	"M1"
"MGST1"	"M2"
"FAT2"	"M1"
"TRIM16"	"M2"
"IGJ"	"M4"
"EPHB3"	"M2"
"SULF2"	"M3"
"COL12A1"	"M3"
"FADS2"	"M2"
"EGFR"	"M1"
"SLC1A4"	"M2"
"AKR1B10"	"M2"
"CES1"	"M2"
"CYP2S1"	"M5"
"SFRP2"	"M3"
"FKBP10"	"M3"
"NAV1"	"M2"
"CAV1"	"M3"
"NID1"	"M3"
"FGFR2"	"M5"
"SERPINF1"	"M3"
"WNT7B"	"M1"
"RDH10"	"M1"
"GSR"	"M2"
"SERPINA1"	"M6"
"ITGB8"	"M1"
"SCNN1A"	"M2"
"ALDH3A1"	"M2"
"PTHLH"	"M1"
"CX3CL1"	"M1"
"SLC40A1"	"M4"
"S100A8"	"M1"
"C1QB"	"M4"
"WNT5A"	"M2"
"CTGF"	"M3"
"CA12"	"M1"
"TNS4"	"M1"
"LYPD3"	"M1"
"MAOA"	"M1"
"PXDN"	"M3"
"IGF2BP2"	"M5"
"MT2A"	"M5"
"EGLN3"	"M1"
"SERPINE2"	"M3"
"IFI27"	"M4"
"PRKX"	"M5"
"IER3"	"M1"
"SERPINB1"	"M1"
"PITX1"	"M1"
"COL4A5"	"M5"
"H19"	"M2"
"PRSS23"	"M3"
"C1QC"	"M4"
"PHLDB2"	"M1"
"PYGL"	"M1"
"NUP210"	"M2"
"AQP3"	"M1"
"ASS1"	"M1"
"FERMT1"	"M1"
"C1QA"	"M4"
"MMP9"	"M3"
"PTPRZ1"	"M5"
"DUSP6"	"M3"
"CCDC80"	"M3"
"MAP1B"	"M2"
"PLAT"	"M1"
"EHF"	"M1"
"UGT1A6"	"M2"
"PTGR1"	"M2"
"CKB"	"M2"
"MT1X"	"M1"
"ATF5"	"M1"
"MALL"	"M1"
"C4A"	"M6"
"MMP1"	"M3"
"CLDN7"	"M1"
"PROM2"	"M1"
"AQP1"	"M6"
"EPS8"	"M2"
"ADM"	"M1"
"UCHL1"	"M2"
"ME1"	"M2"
"CXCL14"	"M3"
"GCLM"	"M2"
"F3"	"M1"
"GSTM3"	"M2"
"NUPR1"	"M6"
"IFI6"	"M4"
"MX1"	"M4"
"RAPGEFL1"	"M5"
"CFH"	"M3"
"A4GALT"	"M1"
"THBD"	"M1"
"MUC1"	"M6"
"SEMA3C"	"M3"
"IL1RAP"	"M1"
"FBN1"	"M3"
"BMP7"	"M5"
"KLF4"	"M1"
"EMILIN1"	"M3"
"LAMP3"	"M4"
"CPE"	"M3"
"EFEMP1"	"M6"
"GBP6"	"M1"
"WDR72"	"M5"
"ST6GALNAC2"	"M1"
"RBP1"	"M2"
"OAS2"	"M4"
"C5orf13"	"M1"
"FAM84A"	"M1"
"SDK1"	"M2"
"ID1"	"M1"
"ABCB6"	"M2"
"IL8"	"M1"
"TP53"	"Not.Correlated"
"FGFBP1"	"M1"
"CEACAM6"	"M1"
"CCND2"	"M2"
"CTSK"	"M3"
"HEY1"	"M2"
"ST6GAL1"	"M4"
"GPC4"	"M3"
"GJB6"	"M1"
"RGMA"	"M5"
"GPX3"	"M6"
"HCLS1"	"M4"
"NPNT"	"M5"
"PMEPA1"	"M3"
"CTHRC1"	"M3"
"SLC2A3"	"M3"
"MGP"	"M4"
"SMO"	"M2"
"GSTM2"	"M2"
"FCGR3A"	"M4"
"HLA-DQB1"	"M4"
"FZD7"	"M2"
"SLC7A11"	"M2"
"IL1RN"	"M1"
"GPC3"	"M5"
"ITGB6"	"M3"
"HLA-DQA1"	"M4"
"FBLN2"	"M3"
"PLBD1"	"M2"
"C8orf4"	"M6"
"TINAGL1"	"M5"
"ETV5"	"M2"
"TGFA"	"M1"
"NR4A1"	"M6"
"CHI3L1"	"M4"
"CP"	"M6"
"NRP2"	"M3"
"PDPN"	"M3"
"COL16A1"	"M3"
"KRT10"	"M1"
"CDH11"	"M3"
"FGFR1"	"M1"
"MATN2"	"M2"
"TNFRSF12A"	"M3"
"ISG15"	"M4"
"ROBO1"	"M2"
"GPRC5A"	"M6"
"RHOV"	"M1"
"GPR87"	"M1"
"BASP1"	"M3"
"ADAMTS1"	"M2"
"MMP12"	"M4"
"MYO5B"	"Not.Correlated"
"TRIB3"	"M2"
"BST2"	"M4"
"HTRA3"	"M3"
"NEBL"	"M6"
"RARRES2"	"M3"
"CRABP2"	"M2"
"MYH11"	"M2"
"SDC2"	"M3"
"SEZ6L2"	"M2"
"SLC34A2"	"M6"
"STC2"	"M2"
"CFB"	"M6"
"IFFO2"	"M1"
"PLXNA2"	"M1"
"NRARP"	"M2"
"PLEKHG4"	"M1"
"METTL7A"	"M6"
"DUOX1"	"M1"
"MGLL"	"M1"
"ISLR"	"M3"
"SAMD9"	"M4"
"PODXL2"	"M1"
"KRT7"	"M6"
"MDFI"	"M2"
"CRIP2"	"M3"
"TSPAN7"	"M2"
"BCAT1"	"M3"
"PLIN2"	"M4"
"HR"	"M1"
"PI3"	"M1"
"ALDH3B2"	"M1"
"HMOX1"	"M2"
"SPRR1B"	"M1"
"CCL18"	"M4"
"MECOM"	"M6"
"NTS"	"M5"
"TFPI"	"M6"
"CECR1"	"M4"
"WNK2"	"M5"
"IRS1"	"M1"
"LEPREL1"	"M1"
"CMBL"	"M1"
"SESN3"	"M5"
"TMEM45A"	"M3"
"FAM43A"	"M5"
"LPHN2"	"M3"
"AGR2"	"M6"
"MUC4"	"M1"
"ABCA13"	"M5"
"MFI2"	"M2"
"ZNF117"	"Not.Correlated"
"KCNK1"	"M2"
"WFDC2"	"M6"
"MUC20"	"M1"
"HLA-DMB"	"M4"
"SERPINB13"	"M1"
"KCNS3"	"M5"
"FOXE1"	"M5"
"FHL2"	"M3"
"PC"	"M2"
"PRRX1"	"M3"
"GJB3"	"M1"
"PPP1R14C"	"M1"
"ARHGEF4"	"M1"
"SFTPA1"	"M6"
"NYNRIN"	"M2"
"NTN1"	"M5"
"PDGFRA"	"M3"
"TSPAN1"	"M1"
"IGF2BP3"	"M5"
"TMTC1"	"M2"
"FABP5"	"M1"
"HCP5"	"M4"
"CBLC"	"M1"
"STON2"	"M1"
"GREM1"	"M3"
"LOXL2"	"M3"
"RPL9"	"Not.Correlated"
"SERPINB3"	"M1"
"PGF"	"M1"
"ADH7"	"M2"
"LRP4"	"M5"
"PROS1"	"M1"
"CHST2"	"M2"
"F2RL1"	"M1"
"CYBB"	"M4"
"LOX"	"M3"
"HLA-DRB5"	"M4"
"CTSL2"	"M1"
"ZNF750"	"M1"
"ADAM12"	"M3"
"CBX2"	"M2"
"SOX9"	"M3"
"GABRE"	"M2"
"OSGIN1"	"M2"
"ARL4D"	"M1"
"FBXO27"	"M5"
"PTPRU"	"M3"
"HIST2H2BE"	"M3"
"PRAME"	"M2"
"PGM2L1"	"M3"
"NXPH4"	"M1"
"LCN2"	"M1"
"SAMD12"	"M5"
"FOXA1"	"M1"
"ECM1"	"M1"
"ANO1"	"M3"
"CD163"	"M4"
"CXCL17"	"M6"
"TSPYL5"	"M1"
"KIAA1199"	"M3"
"KRT80"	"M1"
"TRPV4"	"M5"
"CSPG4"	"M3"
"RPS27"	"Not.Correlated"
"CXCL9"	"M4"
"RPL39L"	"M2"
"NRCAM"	"M2"
"PDLIM4"	"M1"
"BCL11A"	"M1"
"EPPK1"	"M1"
"PTGS2"	"M1"
"CEACAM5"	"M1"
"ODZ4"	"M5"
"GALNT6"	"Not.Correlated"
"NFKBIZ"	"M1"
"PARM1"	"M4"
"COL15A1"	"M3"
"PTPRC"	"M4"
"GSTM4"	"M2"
"HBEGF"	"M1"
"PEG10"	"M1"
"ETV4"	"M2"
"SUSD4"	"M5"
"ANXA8L2"	"M1"
"STC1"	"M3"
"APOC1"	"M4"
"GBP4"	"M4"
"ALDH1A3"	"M3"
"SPON2"	"M3"
"RAB6B"	"M2"
"PRODH"	"M5"
"VSNL1"	"M1"
"MLLT11"	"M2"
"HIST1H1C"	"M3"
"GPRC5C"	"M6"
"ABCA3"	"M6"
"NDRG4"	"M2"
"XAF1"	"M4"
"TTC9"	"M1"
"C1orf116"	"M1"
"MMP7"	"M3"
"DAPK1"	"M4"
"ZC3H12A"	"M1"
"SPRR2A"	"M1"
"VLDLR"	"M2"
"ALPL"	"M6"
"B4GALNT4"	"M1"
"EPHA4"	"M3"
"ARNTL2"	"M1"
"WASF1"	"M2"
"CRYAB"	"M1"
"CBS"	"M2"
"CYP1B1"	"M3"
"LTB4R"	"M1"
"BNC1"	"M1"
"IRS2"	"M2"
"DMKN"	"M1"
"MX2"	"M4"
"BEX4"	"M1"
"PAPSS2"	"M3"
"IFIT3"	"M4"
"RAB38"	"M1"
"FAM83F"	"M1"
"SLC35F2"	"M5"
"KIAA1549"	"M2"
"CXCL1"	"M1"
"WDR66"	"M1"
"PDGFA"	"M3"
"TMPRSS13"	"M1"
"UBD"	"M4"
"TMEM184A"	"M1"
"TPSB2"	"M3"
"ZBTB7C"	"M5"
"MYCL1"	"M3"
"PLCH2"	"M1"
"CYB5R2"	"M1"
"FAM83B"	"M1"
"LTF"	"M6"
"SLCO2B1"	"M4"
"ABCC3"	"M2"
"ADAM23"	"M2"
"KRTCAP3"	"M2"
"PRELP"	"M3"
"FRAS1"	"M5"
"EYA2"	"M6"
"CCL5"	"M4"
"SPRR3"	"M1"
"B4GALNT3"	"M5"
"GPR109A"	"M1"
"FST"	"M1"
"HIST1H2AC"	"Not.Correlated"
"APOBEC3B"	"M2"
"STEAP1"	"M1"
"CDKN2B"	"Not.Correlated"
"COL11A1"	"M3"
"HOPX"	"M6"
"GOLGA8B"	"M4"
"LIFR"	"M2"
"UST"	"M5"
"SOX15"	"M1"
"SLC4A11"	"M5"
"COL5A3"	"M3"
"TSPAN18"	"M2"
"CCL2"	"M3"
"CGN"	"M6"
"PCDH7"	"M1"
"FGF11"	"M1"
"LIMCH1"	"M6"
"MFAP4"	"M3"
"AHSA2"	"M3"
"MTAP"	"Not.Correlated"
"PCSK9"	"M1"
"ANGPTL4"	"M1"
"ZSCAN18"	"M2"
"PPM1H"	"M3"
"FXYD6"	"M1"
"HS6ST2"	"M2"
"ADAM8"	"M4"
"NPAS2"	"M1"
"PTGES"	"M1"
"PANX2"	"M2"
"RYR1"	"M1"
"SLC15A2"	"M1"
"PRSS22"	"M1"
"CYP27A1"	"M4"
"NTN4"	"M6"
"ELN"	"M3"
"ANXA3"	"M6"
"PER3"	"M2"
"IGF2"	"M3"
"MIAT"	"M2"
"GRHL3"	"M1"
"PKP2"	"M5"
"KIAA1324"	"M5"
"GCNT2"	"M2"
"THSD4"	"M3"
"B3GALNT1"	"M2"
"FOXQ1"	"M1"
"RAP1GAP"	"M2"
"VCAM1"	"M3"
"CPXM2"	"M2"
"GJB5"	"M1"
"SH3RF2"	"M1"
"LPAR1"	"M2"
"PPP2R2C"	"M2"
"KCNE3"	"M5"
"SPON1"	"M3"
"SGEF"	"M5"
"COL4A6"	"M5"
"SLC1A3"	"M3"
"ZNF703"	"M5"
"C12orf75"	"M2"
"SEMA6A"	"M5"
"CADM1"	"M3"
"C9orf125"	"M5"
"ARMCX2"	"Not.Correlated"
"GPRC5B"	"M1"
"GBP5"	"M4"
"CPVL"	"M4"
"C1QTNF1"	"M3"
"DAPL1"	"M5"
"PLA2R1"	"M1"
"MN1"	"M1"
"SLC2A12"	"M2"
"SOCS2"	"M5"
"KLC3"	"M1"
"TFCP2L1"	"M1"
"LOC730101"	"M5"
"CCDC3"	"M3"
"CARD10"	"M1"
"COL27A1"	"M1"
"COL10A1"	"M3"
"POF1B"	"M5"
"PTGDS"	"M4"
"OLFM2"	"M3"
"C19orf33"	"M1"
"SMOC2"	"M2"
"MSR1"	"M4"
"LRRC4"	"M5"
"MMP10"	"M1"
"KIAA0802"	"M5"
"ENTPD3"	"M2"
"SFRP4"	"M3"
"ZNF83"	"M2"
"MOXD1"	"M3"
"SLAMF7"	"M4"
"PLEK"	"M4"
"GLI3"	"M2"
"TSPAN33"	"M2"
"BTBD11"	"M2"
"FOSB"	"M6"
"F13A1"	"M3"
"KLHL13"	"M5"
"CXCL10"	"M4"
"EPS8L1"	"M1"
"FOSL1"	"M1"
"CPNE8"	"M1"
"EPHB2"	"M5"
"KCNJ15"	"M1"
"MEX3A"	"M1"
"ALDH7A1"	"M5"
"SLC2A10"	"M6"
"SDK2"	"M2"
"BEX2"	"M3"
"APCDD1"	"M3"
"PIK3AP1"	"M4"
"A2ML1"	"M1"
"BCL2"	"M1"
"FEZ1"	"M1"
"APOL4"	"M4"
"EPHB6"	"M5"
"AKT3"	"M3"
"KYNU"	"M1"
"ANKRD22"	"M1"
"LFNG"	"Not.Correlated"
"GALNT14"	"M1"
"LDOC1"	"M1"
"FAM171A1"	"M1"
"GBP3"	"M4"
"RIN1"	"M1"
"AKAP12"	"M3"
"PTN"	"M5"
"NPTXR"	"M1"
"SH3BGRL2"	"M6"
"MYO5C"	"M6"
"ADA"	"M2"
"ERAP2"	"M4"
"CITED4"	"M1"
"NLRP1"	"M1"
"SDPR"	"M5"
"ESPN"	"M1"
"CFI"	"M6"
"BIRC3"	"M4"
"PNCK"	"M5"
"EDARADD"	"M2"
"CXCL12"	"M3"
"HSPA4L"	"M2"
"FAM46C"	"M4"
"IFI44"	"M4"
"CA9"	"M1"
"FAP"	"M3"
"DFNA5"	"M3"
"TGFBR3"	"M5"
"RARRES1"	"M4"
"AMIGO2"	"M3"
"EML1"	"M2"
"AFAP1L2"	"M3"
"NAPSA"	"M6"
"MAP2"	"M2"
"ALS2CL"	"M1"
"HLA-DOA"	"M4"
"TPSAB1"	"M3"
"DERL3"	"M4"
"TMEM158"	"M2"
"CEACAM1"	"M1"
"DBNDD1"	"M1"
"VAV3"	"M2"
"FAM89A"	"M2"
"GATM"	"M4"
"C10orf116"	"M1"
"FHL1"	"M3"
"FBN2"	"M2"
"RHPN2"	"M1"
"ARTN"	"M2"
"ETV1"	"M3"
"FCGBP"	"M3"
"TMEM116"	"M2"
"DNM1"	"M3"
"GPR160"	"M5"
"PLCD1"	"M2"
"SPRR1A"	"M1"
"HES2"	"M1"
"CYP4F11"	"M2"
"LEF1"	"M2"
"PAX9"	"M1"
"LRRC8E"	"M5"
"SPOCK1"	"M3"
"SPRR2D"	"M1"
"SBK1"	"M1"
"EPB41L3"	"M4"
"FAM83A"	"M1"
"TMEM154"	"M1"
"PTCH1"	"M2"
"CNTNAP2"	"M2"
"ARNT2"	"M1"
"TMEM20"	"M2"
"NGFR"	"M3"
"MCF2L"	"M5"
"MAP1A"	"M2"
"MYO15B"	"M2"
"FYB"	"M4"
"SGCE"	"M1"
"KAL1"	"M3"
"NELL2"	"M5"
"RARRES3"	"M4"
"MSC"	"M2"
"GAMT"	"M2"
"LYNX1"	"M1"
"DAPP1"	"M1"
"COL8A2"	"M3"
"POU2AF1"	"M4"
"HMCN1"	"M3"
"CLEC7A"	"M4"
"HSPB8"	"M6"
"SYT7"	"M5"
"CBR3"	"M2"
"PIGR"	"M6"
"PTK6"	"M1"
"SLCO2A1"	"M4"
"SLC38A5"	"M3"
"OVOL1"	"M1"
"FLJ45445"	"M2"
"PCSK6"	"Not.Correlated"
"BCL11B"	"M1"
"GULP1"	"M2"
"FMO2"	"M4"
"PABPC1L"	"M3"
"OLFM1"	"M2"
"CXCL13"	"M4"
"SRPX2"	"M1"
"DNAJC15"	"Not.Correlated"
"COL14A1"	"M3"
"BAG2"	"M2"
"DLL1"	"Not.Correlated"
"COPZ2"	"M1"
"TLE2"	"M1"
"EPDR1"	"M2"
"GDF15"	"M1"
"PODN"	"M3"
"HSPA6"	"Not.Correlated"
"AMOT"	"M1"
"SH3TC1"	"M3"
"IFIT1"	"M4"
"LAYN"	"M5"
"HMGA2"	"M5"
"CYFIP2"	"M1"
"NRN1"	"M5"
"CAPS"	"M6"
"GPX7"	"M2"
"BHLHE41"	"M3"
"ABCA12"	"M1"
"ODZ2"	"M3"
"CA2"	"M3"
"CARD11"	"M2"
"HOMER2"	"M1"
"RHCG"	"M1"
"EDN1"	"M2"
"COL9A2"	"M2"
"ALDH1L2"	"M3"
"KCNJ2"	"M5"
"RAP1GAP2"	"M2"
"NCKAP1L"	"M4"
"SPINK5"	"M1"
"S1PR5"	"M1"
"AOC3"	"M3"
"LAMA2"	"M3"
"C19orf21"	"M6"
"C6orf168"	"M5"
"ADAP1"	"M5"
"RPS4Y1"	"Not.Correlated"
"IL18"	"M1"
"CHST7"	"M2"
"GPR98"	"M2"
"IL20RB"	"M1"
"TNFRSF18"	"M1"
"DIO2"	"M3"
"SDCBP2"	"M1"
"UPK1B"	"M5"
"LRRK2"	"M6"
"CDH13"	"M3"
"CRISPLD1"	"M2"
"C1orf226"	"M5"
"ASPN"	"M3"
"TNFRSF19"	"M3"
"MGC29506"	"M4"
"SLC4A3"	"M5"
"TPPP"	"M1"
"IDO1"	"M4"
"PLAC2"	"M1"
"C9orf167"	"M6"
"THNSL2"	"Not.Correlated"
"C15orf48"	"M1"
"P2RY1"	"M1"
"SOX7"	"M1"
"NMB"	"M2"
"CCL21"	"M4"
"MT1E"	"M2"
"EGR2"	"M3"
"AIF1L"	"M2"
"PALM"	"M1"
"CREB3L1"	"M3"
"LASS3"	"M1"
"SUSD2"	"M6"
"GPR126"	"M2"
"SLC16A14"	"M2"
"FAM171B"	"M2"
"SRRM3"	"M1"
"COL8A1"	"M3"
"SHISA2"	"M3"
"CLEC2B"	"M1"
"FNDC1"	"M3"
"TPPP3"	"M6"
"MME"	"M3"
"STEAP4"	"M6"
"CHST10"	"M5"
"SLC29A4"	"M2"
"SEMA6D"	"M5"
"PHLDA2"	"M1"
"LY6K"	"M1"
"CD36"	"M6"
"SELENBP1"	"M6"
"CHL1"	"M6"
"ADM2"	"M2"
"PDE4B"	"M4"
"DIAPH2"	"M2"
"CLIC6"	"M6"
"EMID1"	"M1"
"ZNF320"	"M2"
"CPXM1"	"M3"
"VSIG4"	"M4"
"SLFN13"	"M4"
"COCH"	"M2"
"PDZK1IP1"	"M1"
"CEL"	"M2"
"NKD2"	"M3"
"ACSL5"	"M4"
"FBP1"	"M4"
"MRC1"	"M4"
"SGPP2"	"M5"
"ITGA11"	"M3"
"VTCN1"	"M1"
"BAMBI"	"M1"
"HIST1H2BD"	"M3"
"SEMA5A"	"M3"
"CDKN2A"	"Not.Correlated"
"MOSC1"	"M2"
"ALG1L"	"M5"
"TMEM119"	"M3"
"TBX1"	"M4"
"IFI44L"	"M4"
"ARSJ"	"M1"
"IL33"	"M6"
"FOXC1"	"M5"
"WDR76"	"M2"
"HOXB7"	"M5"
"KLK10"	"M1"
"DLX5"	"M5"
"UBASH3B"	"M3"
"LAMC3"	"M6"
"APOD"	"M3"
"PLA2G4A"	"M1"
"MDGA1"	"M2"
"C11orf92"	"M2"
"GCNT1"	"M3"
"RASSF9"	"M5"
"KIRREL"	"M3"
"ITGAL"	"M4"
"NDN"	"M3"
"SPEG"	"M4"
"MACC1"	"M1"
"ITGBL1"	"M3"
"CABYR"	"M2"
"SV2A"	"M1"
"GLI2"	"M2"
"SDR42E1"	"Not.Correlated"
"HLA-DQA2"	"M4"
"SLC9A9"	"M5"
"IVL"	"M1"
"PRSS12"	"M1"
"LAMA1"	"M2"
"TMEM40"	"M1"
"HSPA2"	"M2"
"SOCS1"	"M5"
"PLEK2"	"M2"
"LILRB4"	"M4"
"GJA5"	"M3"
"GJC1"	"M1"
"PCDH19"	"M5"
"ARHGAP28"	"M2"
"ZNF853"	"M1"
"PCLO"	"M4"
"ZDBF2"	"M2"
"HOXB3"	"Not.Correlated"
"DENND2C"	"M1"
"SOX21"	"M5"
"ADORA2B"	"M1"
"FRY"	"M2"
"LRRC15"	"M3"
"FAM69B"	"M2"
"IRX2"	"M3"
"FHOD3"	"M3"
"SLC16A9"	"M5"
"CPZ"	"M3"
"COLEC12"	"M3"
"ARHGAP33"	"M1"
"DUOXA1"	"M1"
"ENPP4"	"M1"
"HEPH"	"M3"
"C14orf132"	"M2"
"TUB"	"M2"
"RARB"	"M3"
"ZNF469"	"M3"
"KCNQ1"	"M6"
"MSL3L2"	"M3"
"CAMK2N1"	"M5"
"RHPN1"	"M3"
"TP73"	"M2"
"PGBD5"	"M2"
"LOXL4"	"M3"
"HAP1"	"M2"
"SLC44A5"	"M2"
"EFNA5"	"M1"
"FLNC"	"M3"
"BMP2"	"M3"
"FREM2"	"M2"
"ST6GALNAC1"	"M1"
"NT5E"	"M3"
"C8orf73"	"M1"
"FBXO17"	"M4"
"C1orf59"	"M2"
"CTAGE9"	"M2"
"ATP2C2"	"M1"
"MAPK8IP2"	"M2"
"PALMD"	"M1"
"LOC100132288"	"Not.Correlated"
"C20orf54"	"M1"
"INHBB"	"Not.Correlated"
"LY6D"	"M1"
"PLLP"	"M1"
"CAPN12"	"M4"
"SLC16A5"	"M3"
"CRMP1"	"M2"
"KLF8"	"M1"
"APBA2"	"M1"
"LIF"	"M1"
"SERPINI1"	"M5"
"XYLT1"	"M3"
"SLC6A14"	"M6"
"SOSTDC1"	"M5"
"PTGIS"	"M4"
"LYPD6B"	"M5"
"PDZD2"	"M2"
"FLRT2"	"M3"
"ACPP"	"M1"
"PLA2G16"	"M2"
"BDKRB2"	"M1"
"CSF3R"	"M6"
"DUOX2"	"M1"
"CGNL1"	"M3"
"CDKN1C"	"M2"
"HES6"	"M1"
"CCDC64B"	"M1"
"AIM1L"	"M1"
"C7"	"M6"
"SYNPO2"	"M3"
"SSC5D"	"M3"
"SLC7A2"	"M3"
"GSDMC"	"M1"
"SIGLEC1"	"M4"
"IGFBP6"	"M3"
"DLK2"	"M1"
"KIT"	"M1"
"RSAD2"	"M4"
"PPARG"	"M2"
"CD3E"	"M4"
"PLCB4"	"M2"
"C16orf74"	"M1"
"F12"	"M2"
"IRF8"	"M4"
"C11orf41"	"M2"
"GFPT2"	"M3"
"DUSP9"	"M1"
"LPAR5"	"M1"
"CSF2RB"	"M4"
"IL17RD"	"M1"
"SERPINB4"	"M1"
"HPGD"	"M6"
"SLITRK6"	"M1"
"ID4"	"M3"
"SCNN1B"	"M6"
"SCN9A"	"M2"
"RASSF6"	"M2"
"BZRAP1"	"M1"
"ULBP2"	"M1"
"CNTN1"	"M5"
"FUT3"	"M1"
"FLRT3"	"M6"
"TSPAN12"	"M6"
"MLPH"	"M6"
"WNT5B"	"Not.Correlated"
"ITGAM"	"M4"
"ZNF711"	"M1"
"TSHZ3"	"M3"
"FZD10"	"M2"
"HOXA10"	"M5"
"TMPRSS2"	"M6"
"FUT2"	"M1"
"ROR2"	"M3"
"TGM1"	"M1"
"EDIL3"	"M3"
"GGT1"	"M6"
"PLEKHG4B"	"M1"
"RASD1"	"M2"
"CD48"	"M4"
"S100P"	"M1"
"TMCC2"	"M2"
"LRG1"	"M1"
"TTC22"	"M2"
"CPA3"	"M3"
"SYT1"	"Not.Correlated"
"MST1R"	"M2"
"HS3ST1"	"M1"
"FAAH"	"M2"
"RAMP1"	"M2"
"C1orf51"	"M3"
"CLTCL1"	"M4"
"THRB"	"M1"
"SDR16C5"	"M6"
"BOC"	"M3"
"PLEKHH1"	"M4"
"SIX2"	"M5"
"ZNF91"	"M2"
"PLAG1"	"M2"
"AGPAT9"	"M2"
"KCNMA1"	"M4"
"MRAP2"	"M5"
"C18orf1"	"M3"
"BNIPL"	"M1"
"TNNT1"	"Not.Correlated"
"SERPINB2"	"M1"
"CCL20"	"M1"
"FAM83E"	"M1"
"PLCE1"	"M5"
"FAM50B"	"Not.Correlated"
"CCDC8"	"M3"
"TRO"	"M1"
"TGFB2"	"M3"
"RCOR2"	"M4"
"DGAT2"	"M2"
"B4GALNT1"	"M2"
"SNCA"	"M5"
"MANEAL"	"M1"
"VGLL3"	"M3"
"CD79A"	"M4"
"DYNC1I1"	"M2"
"GPR68"	"M3"
"INHBA"	"M3"
"HLF"	"M5"
"FZD8"	"Not.Correlated"
"TPRG1"	"M5"
"KCNG1"	"M2"
"NPR2"	"M2"
"CREB5"	"M2"
"BAI2"	"M1"
"CHIT1"	"M4"
"MS4A4A"	"M4"
"CIITA"	"M4"
"SEMA3B"	"M5"
"ATP8A1"	"M6"
"IL1B"	"M1"
"PLEKHH2"	"M2"
"ABAT"	"M2"
"GGT6"	"M1"
"CD200"	"M3"
"EPHX2"	"Not.Correlated"
"MYEF2"	"M1"
"FMO3"	"M4"
"HERC5"	"M4"
"IPW"	"M2"
"CYP4F3"	"M2"
"GSDMB"	"M3"
"AOAH"	"M4"
"MTL5"	"M1"
"PLEKHF1"	"M5"
"TMPRSS11D"	"M1"
"DMD"	"M2"
"ADSSL1"	"M1"
"RNF128"	"M1"
"CD2"	"M4"
"TNIK"	"M3"
"FCGR2B"	"M4"
"MOCOS"	"M1"
"NTM"	"M3"
"LPAR3"	"M1"
"MAOB"	"M3"
"GPR109B"	"M1"
"CMPK2"	"M4"
"CAPNS2"	"M1"
"ZNF714"	"M3"
"HLA-DRB6"	"M4"
"PKDCC"	"M4"
"SNCAIP"	"M4"
"STRA6"	"M3"
"KLHL29"	"M2"
"DPT"	"M3"
"KALRN"	"Not.Correlated"
"ACTG2"	"M3"
"CDHR1"	"M1"
"SLIT2"	"M3"
"ADAM28"	"M6"
"NFASC"	"M3"
"GSTO2"	"Not.Correlated"
"PRICKLE1"	"M3"
"SELL"	"M4"
"BIK"	"M1"
"PCDHB14"	"M4"
"IGSF10"	"M5"
"PLAC8"	"M5"
"BAALC"	"M5"
"PRKAA2"	"M2"
"LOC654433"	"M1"
"ADAMTS2"	"M3"
"BSPRY"	"M1"
"ZNF608"	"M2"
"CMAH"	"M6"
"UGT8"	"M2"
"BACH2"	"M3"
"SFTPD"	"M6"
"B3GNT3"	"M1"
"CYP4X1"	"M2"
"LIPH"	"M1"
"PRF1"	"M4"
"C7orf13"	"M1"
"ZNF528"	"M2"
"SEMA3A"	"M5"
"HSF4"	"M4"
"SHANK2"	"M5"
"DCLK1"	"M4"
"SLIT3"	"M3"
"SERTAD4"	"M5"
"ITM2A"	"M4"
"C21orf56"	"Not.Correlated"
"DHRS9"	"M1"
"SEPT3"	"M1"
"FBXO2"	"M5"
"SERPINF2"	"M6"
"MYB"	"M1"
"TRIM7"	"M1"
"ICA1"	"M1"
"TMEM45B"	"M1"
"OLR1"	"M4"
"C3orf14"	"Not.Correlated"
"HBB"	"M4"
"HPSE"	"M5"
"HDAC9"	"M2"
"RNF207"	"M2"
"HHEX"	"M2"
"TNFRSF25"	"M2"
"TNXB"	"M6"
"PRRX2"	"M1"
"PTPRD"	"M2"
"LIPG"	"M5"
"RPS28"	"Not.Correlated"
"C12orf34"	"M4"
"HSD17B1"	"M2"
"GPC6"	"M3"
"LPL"	"M4"
"GLT25D2"	"M2"
"AFF2"	"M5"
"FGFR4"	"M2"
"SFTPC"	"M6"
"REEP6"	"M1"
"SCGB3A2"	"M6"
"P2RY2"	"M1"
"DKK1"	"M1"
"SLC2A9"	"M1"
"GNG4"	"M1"
"ZNF675"	"M2"
"TMEM56"	"M2"
"IQCA1"	"Not.Correlated"
"METRN"	"M1"
"SULT2B1"	"M1"
"GRAMD1C"	"M3"
"PRKAR2B"	"M1"
"TMC5"	"M6"
"GAS1"	"M3"
"RIMKLA"	"M4"
"SLC6A15"	"M2"
"CGREF1"	"M2"
"FBXL7"	"M3"
"SYT17"	"Not.Correlated"
"DTNA"	"M1"
"PAQR5"	"M1"
"GDA"	"M5"
"OTX1"	"M5"
"AS3MT"	"M1"
"DMRT2"	"M5"
"ZNF607"	"M2"
"NRGN"	"M6"
"SRPX"	"M3"
"KCNN4"	"M5"
"PPM1L"	"M5"
"CELSR3"	"M4"
"EGR3"	"M3"
"CDH26"	"M1"
"TMEM125"	"M6"
"SEMA3D"	"Not.Correlated"
"MAPK10"	"M2"
"CENPV"	"M1"
"SOX6"	"M5"
"DPP4"	"M3"
"LRMP"	"M4"
"RTP4"	"M4"
"SCIN"	"M2"
"DMBT1"	"M6"
"CD8A"	"M4"
"DGKG"	"M2"
"ARSI"	"M3"
"SPIN4"	"M2"
"SLCO4C1"	"M5"
"PDE9A"	"Not.Correlated"
